,,,,Overall,,,,,,,,Time on Ice,,,,Goals,,,,,Assists,,,,,Points,,,,,,per 60 All Situations,,,per 60 Even-Strength,,,per 60 Power-Play,,,per Game,,,Shots,,Defensive,,Faceoffs,,
Rk,Name,FTeam,Salary,Age,Pos,GP,G,A,P,PIM,+/-,TOI,ES,PP,SH,ESG,PPG,SHG,GWG,OTG,ESA,PPA,SHA,GWA,OTA,ESP,PPP,SHP,GWP,OTP,PPP%,G/60,A/60,P/60,ESG/60,ESA/60,ESP/60,PPG/60,PPA/60,PPP/60,G/GP,A/GP,P/GP,SHOTS,SH%,HITS,BS,FOW,FOL,FO%
1,Leon Draisaitl,EDM,11.333,24,C,71,43,67,110,18,-7,22:36,17:53,3:50,0:52,27,16,0,10,2,39,28,0,13,1,66,44,0,23,3,40.00%,1.607,2.504,4.111,1.275,1.842,3.117,3.516,6.154,9.67,0.606,0.944,1.549,218,19.70%,27,19,661,609,52.05%
2,Connor McDavid,EDM,12.5,22,C,64,34,63,97,28,-6,21:51,17:52,3:53,0:06,23,11,0,6,0,31,32,0,10,2,54,43,0,16,2,44.30%,1.458,2.701,4.159,1.206,1.626,2.832,2.653,7.718,10.37,0.531,0.984,1.516,212,16.00%,37,18,320,349,47.83%
3,David Pastrnak,BOS,6.667,23,RW,70,48,47,95,40,21,18:57,15:11,3:45,0:00,28,20,0,10,1,29,18,0,10,2,57,38,0,20,3,40.00%,2.17,2.125,4.295,1.58,1.636,3.216,4.559,4.103,8.662,0.686,0.671,1.357,279,17.20%,47,22,7,11,38.89%
4,Artemi Panarin,NYR,11.642,28,LW,69,32,63,95,20,36,20:36,16:51,3:43,0:01,25,7,0,4,0,46,17,0,12,4,71,24,0,16,4,25.30%,1.351,2.659,4.009,1.29,2.374,3.664,1.631,3.96,5.591,0.464,0.913,1.377,209,15.30%,25,18,1,1,50.00%
5,Nathan MacKinnon,COL,6.3,24,C,69,35,58,93,12,13,21:14,17:03,4:07,0:04,23,12,0,4,2,39,19,0,13,0,62,31,0,17,2,33.30%,1.432,2.374,3.806,1.173,1.989,3.161,2.532,4.009,6.541,0.507,0.841,1.348,318,11.00%,51,31,362,478,43.10%
6,Brad Marchand,BOS,6.125,31,LW,70,28,59,87,82,25,19:27,14:10,3:41,1:34,22,5,1,5,0,34,23,2,11,1,56,28,3,16,1,32.20%,1.234,2.6,3.834,1.33,2.055,3.384,1.161,5.341,6.502,0.4,0.843,1.243,185,15.10%,55,19,22,29,43.14%
7,Nikita Kucherov,TBL,9.5,26,RW,68,33,52,85,38,26,18:51,15:17,3:33,0:00,29,4,0,6,3,31,21,0,5,0,60,25,0,11,3,29.40%,1.544,2.433,3.977,1.673,1.788,3.461,0.992,5.208,6.2,0.485,0.765,1.25,210,15.70%,37,19,0,1,0.00%
8,Patrick Kane,CHI,10.5,31,RW,70,33,51,84,40,8,21:20,17:36,3:42,0:01,25,8,0,2,1,36,15,0,6,2,61,23,0,8,3,27.40%,1.325,2.048,3.374,1.218,1.753,2.971,1.849,3.467,5.316,0.471,0.729,1.2,275,12.00%,24,19,1,3,25.00%
9,Auston Matthews,TOR,11.634,22,C,70,47,33,80,8,19,20:58,17:44,3:11,0:02,35,12,0,5,0,20,13,0,5,3,55,25,0,10,3,31.30%,1.921,1.349,3.27,1.691,0.966,2.658,3.218,3.486,6.704,0.671,0.471,1.143,290,16.20%,40,60,506,414,55.00%
10,Jack Eichel,BUF,10,23,C,68,36,42,78,34,5,22:06,17:56,3:52,0:16,24,11,1,9,3,26,16,0,8,3,50,27,1,17,6,34.60%,1.437,1.677,3.114,1.18,1.279,2.459,2.502,3.639,6.141,0.529,0.618,1.147,227,15.90%,40,42,614,697,46.83%
11,Jonathan Huberdeau,FLA,5.9,26,LW,69,23,55,78,30,5,18:46,15:10,3:34,0:01,18,5,0,3,1,31,24,0,10,1,49,29,0,13,2,37.20%,1.065,2.548,3.613,1.031,1.776,2.808,1.217,5.843,7.061,0.333,0.797,1.13,152,15.10%,51,26,24,37,39.34%
12,Mika Zibanejad,NYR,5.35,26,C,57,41,34,75,14,9,21:37,15:20,3:40,2:37,23,15,3,6,2,20,12,2,5,0,43,27,5,11,2,36.00%,1.995,1.655,3.65,1.579,1.373,2.951,4.302,3.442,7.744,0.719,0.596,1.316,208,19.70%,51,49,592,612,49.17%
13,Evgeni Malkin,PIT,9.5,33,C,55,25,49,74,58,7,19:31,15:48,3:41,0:01,18,7,0,5,0,32,17,0,8,1,50,24,0,13,1,32.40%,1.397,2.738,4.135,1.243,2.209,3.452,2.068,5.022,7.09,0.455,0.891,1.345,171,14.60%,38,22,441,434,50.40%
14,Kyle Connor,WPG,7.142,23,LW,71,38,35,73,34,4,21:05,16:44,3:17,1:02,28,9,1,7,1,26,8,1,4,1,54,17,2,11,2,23.30%,1.523,1.403,2.925,1.413,1.312,2.725,2.306,2.05,4.356,0.535,0.493,1.028,239,15.90%,18,17,2,11,15.38%
15,Mark Scheifele,WPG,6.125,26,C,71,29,44,73,45,2,21:48,18:15,3:18,0:14,19,10,0,6,2,34,10,0,3,0,53,20,0,9,2,27.40%,1.124,1.705,2.829,0.88,1.574,2.454,2.555,2.555,5.111,0.408,0.62,1.028,170,17.10%,34,49,604,685,46.86%
16,J.T. Miller,VAN,5.25,26,C,69,27,45,72,47,11,20:06,15:37,3:52,0:36,18,9,0,3,1,27,16,2,10,1,45,25,2,13,2,34.70%,1.168,1.947,3.114,1.002,1.502,2.504,2.022,3.596,5.618,0.391,0.652,1.043,165,16.40%,123,38,425,293,59.19%
17,Alexander Ovechkin,WSH,9.538,34,LW,68,48,19,67,30,-12,20:39,15:45,4:53,0:01,35,13,0,3,1,14,5,0,4,1,49,18,0,7,2,26.90%,2.05,0.811,2.861,1.96,0.784,2.744,2.346,0.902,3.248,0.706,0.279,0.985,311,15.40%,184,30,1,0,100.00%
18,Mitchell Marner,TOR,10.893,22,RW,59,16,51,67,16,6,21:33,16:07,3:13,2:11,10,6,0,2,1,32,18,1,10,3,42,24,1,12,4,35.80%,0.755,2.406,3.161,0.63,2.017,2.647,1.894,5.681,7.575,0.271,0.864,1.136,154,10.40%,24,37,7,19,26.92%
19,Sebastian Aho,CAR,8.454,22,C,68,38,28,66,26,10,19:25,14:46,2:50,1:48,26,8,4,5,0,18,9,1,7,2,44,17,5,12,2,25.80%,1.726,1.272,2.998,1.553,1.075,2.628,2.478,2.788,5.266,0.559,0.412,0.971,206,18.50%,55,20,409,480,46.01%
20,Max Pacioretty,VGK,7,31,LW,71,32,34,66,44,18,17:54,15:25,2:27,0:01,24,8,0,5,1,23,11,0,6,1,47,19,0,11,2,28.80%,1.51,1.604,3.114,1.314,1.26,2.574,2.758,3.792,6.55,0.451,0.479,0.93,307,10.40%,90,35,51,45,53.13%
21,Steven Stamkos,TBL,8.5,29,C,57,29,37,66,22,14,18:25,14:37,3:17,0:30,19,10,0,6,0,28,9,0,7,1,47,19,0,13,1,28.80%,1.657,2.114,3.772,1.368,2.016,3.384,3.204,2.883,6.087,0.509,0.649,1.158,176,16.50%,69,38,365,307,54.32%
22,Elias Pettersson,VAN,3.775,21,C,68,27,39,66,18,16,18:31,14:37,3:52,0:01,19,8,0,5,1,23,16,0,4,1,42,24,0,9,2,36.40%,1.286,1.857,3.143,1.146,1.388,2.534,1.82,3.641,5.461,0.397,0.574,0.971,162,16.70%,63,42,58,82,41.43%
23,Blake Wheeler,WPG,8.25,33,RW,71,22,43,65,37,1,19:18,15:24,3:15,0:39,17,4,1,2,0,24,18,1,8,1,41,22,2,10,1,33.80%,0.963,1.882,2.844,0.933,1.317,2.25,1.037,4.667,5.704,0.31,0.606,0.915,180,12.20%,102,51,325,327,49.85%
24,Brayden Point,TBL,6.833,23,C,66,25,39,64,11,28,18:53,15:33,3:16,0:03,17,8,0,4,0,34,5,0,9,3,51,13,0,13,3,20.30%,1.203,1.877,3.081,0.994,1.988,2.981,2.219,1.387,3.606,0.379,0.591,0.97,141,17.70%,24,30,397,377,51.29%
25,Patrik Laine,WPG,6.75,21,RW,68,28,35,63,22,8,19:24,16:10,3:13,0:00,20,8,0,1,0,27,8,0,9,1,47,16,0,10,1,25.40%,1.273,1.591,2.864,1.09,1.472,2.563,2.188,2.188,4.376,0.412,0.515,0.926,226,12.40%,97,35,10,17,37.04%
26,Mark Stone,VGK,9.5,27,RW,65,21,42,63,27,15,19:24,14:58,2:30,1:55,15,6,0,3,0,30,11,1,5,3,45,17,1,8,3,27.00%,0.999,1.997,2.996,0.925,1.85,2.774,2.203,4.04,6.243,0.323,0.646,0.969,168,12.50%,56,51,16,30,34.78%
27,Teuvo Teräväinen,CAR,5.4,25,LW,68,15,48,63,8,20,19:11,14:24,3:00,1:46,10,4,1,1,0,28,17,3,10,0,38,21,4,11,0,33.30%,0.69,2.207,2.896,0.612,1.714,2.326,1.174,4.989,6.162,0.221,0.706,0.926,182,8.20%,18,30,26,27,49.06%
28,Anze Kopitar,LAK,10,32,C,70,21,41,62,16,6,21:02,16:21,2:52,1:47,13,7,1,5,1,27,14,0,7,3,40,21,1,12,4,33.90%,0.856,1.67,2.526,0.681,1.414,2.095,2.081,4.163,6.244,0.3,0.586,0.886,135,15.60%,49,56,776,631,55.15%
29,Aleksander Barkov,FLA,5.9,24,C,66,20,42,62,18,2,20:00,15:30,3:23,1:06,13,7,0,2,0,28,13,1,10,2,41,20,1,12,2,32.30%,0.908,1.908,2.816,0.762,1.641,2.403,1.877,3.486,5.363,0.303,0.636,0.939,172,11.60%,21,35,653,551,54.24%
30,Travis Konecny,PHI,5.5,22,RW,66,24,37,61,28,-1,16:48,13:54,2:52,0:01,19,5,0,3,0,19,18,0,6,2,38,23,0,9,2,37.70%,1.298,2.002,3.3,1.241,1.241,2.483,1.583,5.699,7.282,0.364,0.561,0.924,141,17.00%,63,30,24,25,48.98%
31,Andrei Svechnikov,CAR,3.575,19,RW,68,24,37,61,54,9,16:44,13:45,2:57,0:00,18,6,0,5,1,23,14,0,10,2,41,20,0,15,3,32.80%,1.265,1.95,3.216,1.154,1.474,2.628,1.79,4.177,5.968,0.353,0.544,0.897,183,13.10%,116,27,0,1,0.00%
32,Matthew Tkachuk,CGY,7,22,LW,69,23,38,61,74,-5,18:18,15:28,2:50,0:00,18,5,0,4,2,24,14,0,6,1,42,19,0,10,3,31.10%,1.092,1.805,2.897,1.012,1.349,2.361,1.534,4.294,5.828,0.333,0.551,0.884,188,12.20%,122,22,0,4,0.00%
33,Ryan Nugent-Hopkins,EDM,6,26,C,65,22,39,61,33,1,20:28,15:00,3:44,1:42,15,7,0,4,0,22,17,0,7,1,37,24,0,11,1,39.30%,0.992,1.759,2.751,0.922,1.353,2.275,1.725,4.189,5.914,0.338,0.6,0.938,172,12.80%,33,44,205,199,50.74%
34,Tomas Tatar,MTL,5.3,29,LW,68,22,39,61,36,5,16:17,14:04,2:11,0:01,14,8,0,1,0,33,6,0,4,1,47,14,0,5,1,23.00%,1.191,2.112,3.303,0.877,2.068,2.945,3.229,2.422,5.651,0.324,0.574,0.897,162,13.60%,79,24,9,16,36.00%
35,Ryan O'Reilly,STL,7.5,28,C,71,12,49,61,10,11,20:34,15:32,2:53,2:08,9,2,1,3,1,33,16,0,9,2,42,18,1,12,3,29.50%,0.493,2.013,2.506,0.49,1.795,2.284,0.584,4.674,5.258,0.169,0.69,0.859,118,10.20%,16,42,880,677,56.52%
36,John Tavares,TOR,11,29,C,63,26,34,60,24,-7,19:32,16:31,3:00,0:01,19,7,0,4,3,20,14,0,8,0,39,21,0,12,3,35.00%,1.267,1.656,2.923,1.095,1.153,2.248,2.214,4.429,6.643,0.413,0.54,0.952,197,13.20%,32,31,617,499,55.29%
37,David Perron,STL,4,31,LW,71,25,35,60,52,2,18:19,15:18,2:58,0:01,16,9,0,9,4,17,18,0,5,0,33,27,0,14,4,45.00%,1.153,1.615,2.768,0.884,0.939,1.822,2.55,5.1,7.651,0.352,0.493,0.845,166,15.10%,67,19,3,5,37.50%
38,Mathew Barzal,NYI,1.325,22,C,68,19,41,60,44,5,20:02,17:23,2:38,0:00,15,4,0,2,0,33,8,0,11,3,48,12,0,13,3,20.00%,0.837,1.806,2.642,0.761,1.674,2.435,1.339,2.679,4.018,0.279,0.603,0.882,171,11.10%,22,43,228,319,41.68%
39,Jonathan Toews,CHI,10.5,31,C,70,18,42,60,48,-2,19:46,14:32,3:18,1:55,16,1,1,3,3,35,7,0,6,1,51,8,1,9,4,13.30%,0.78,1.82,2.6,0.943,2.063,3.006,0.259,1.812,2.07,0.257,0.6,0.857,172,10.50%,56,35,856,638,57.30%
40,William Nylander,TOR,7.5,23,RW,68,31,28,59,12,-2,18:12,15:18,2:53,0:00,22,9,0,7,1,20,8,0,5,1,42,17,0,12,2,28.80%,1.502,1.357,2.859,1.268,1.153,2.42,2.753,2.448,5.201,0.456,0.412,0.868,197,15.70%,9,14,106,106,50.00%
41,Mike Hoffman,FLA,5.187,30,LW,69,29,30,59,28,-5,16:50,13:09,3:39,0:01,18,11,0,3,0,20,10,0,3,0,38,21,0,6,0,35.60%,1.498,1.549,3.047,1.19,1.322,2.512,2.615,2.377,4.992,0.42,0.435,0.855,214,13.60%,33,22,7,8,46.67%
42,Sean Couturier,PHI,4.333,27,C,69,22,37,59,30,21,19:49,15:02,2:45,2:02,18,4,0,4,1,28,9,0,8,2,46,13,0,12,3,22.00%,0.965,1.622,2.587,1.041,1.619,2.661,1.26,2.834,4.094,0.319,0.536,0.855,185,11.90%,60,26,542,367,59.63%
43,Ryan Strome,NYR,4.5,26,C,70,18,41,59,48,21,19:35,14:23,2:57,2:14,15,3,0,3,0,26,14,1,9,2,41,17,1,12,2,28.80%,0.788,1.794,2.582,0.893,1.548,2.442,0.871,4.065,4.937,0.257,0.586,0.843,154,11.70%,45,32,496,548,47.51%
44,Brayden Schenn,STL,6.5,28,C,71,25,33,58,44,3,18:27,15:22,2:51,0:13,15,10,0,4,0,22,11,0,8,2,37,21,0,12,2,36.20%,1.145,1.511,2.655,0.824,1.209,2.033,2.961,3.257,6.218,0.352,0.465,0.817,138,18.10%,119,21,350,364,49.02%
45,Nikolaj Ehlers,WPG,6,23,LW,71,25,33,58,30,14,16:31,15:10,1:19,0:01,21,3,1,5,0,31,2,0,2,0,52,5,1,7,0,8.60%,1.278,1.687,2.965,1.17,1.727,2.897,1.906,1.271,3.177,0.352,0.465,0.817,203,12.30%,36,28,0,2,0.00%
46,Johnny Gaudreau,CGY,6.75,26,LW,70,18,40,58,12,-10,18:46,15:51,2:53,0:00,12,6,0,2,0,28,12,0,6,1,40,18,0,8,1,31.00%,0.822,1.827,2.649,0.649,1.513,2.162,1.775,3.55,5.325,0.257,0.571,0.829,209,8.60%,1,11,1,3,25.00%
47,Jaden Schwartz,STL,5.35,27,LW,71,22,35,57,18,3,18:10,15:09,2:48,0:12,13,9,0,4,1,24,11,0,6,0,37,20,0,10,1,35.10%,1.023,1.627,2.65,0.725,1.338,2.063,2.711,3.313,6.024,0.31,0.493,0.803,162,13.60%,60,28,9,11,45.00%
48,Patrice Bergeron,BOS,6.875,34,C,61,31,25,56,28,23,18:44,13:24,3:36,1:43,19,11,1,5,1,16,9,0,4,1,35,20,1,9,2,35.70%,1.627,1.312,2.938,1.393,1.173,2.567,2.992,2.448,5.44,0.508,0.41,0.918,203,15.30%,46,46,759,553,57.85%
49,Bryan Rust,PIT,3.5,27,RW,55,27,29,56,30,14,19:45,15:19,2:47,1:38,18,8,1,4,2,19,9,1,7,1,37,17,2,11,3,30.40%,1.49,1.601,3.091,1.281,1.352,2.633,3.118,3.508,6.626,0.491,0.527,1.018,151,17.90%,71,35,2,8,20.00%
50,Jakub Vorácek,PHI,8.25,30,RW,69,12,44,56,31,14,17:02,14:04,2:56,0:01,8,4,0,3,1,31,13,0,8,1,39,17,0,11,2,30.40%,0.612,2.245,2.857,0.494,1.916,2.411,1.181,3.837,5.017,0.174,0.638,0.812,132,9.10%,17,21,7,13,35.00%
51,Elias Lindholm,CGY,4.85,25,C,70,29,25,54,22,-8,19:43,14:48,2:49,2:05,21,8,0,7,1,14,11,0,4,1,35,19,0,11,2,35.20%,1.26,1.086,2.346,1.216,0.81,2.026,2.423,3.332,5.755,0.414,0.357,0.771,169,17.20%,93,41,395,406,49.31%
52,Reilly Smith,VGK,5,28,RW,71,27,27,54,20,17,17:54,14:05,1:53,1:55,22,3,2,6,0,23,2,2,2,0,45,5,4,8,0,9.30%,1.274,1.274,2.548,1.319,1.379,2.697,1.338,0.892,2.229,0.38,0.38,0.761,169,16.00%,55,30,3,9,25.00%
53,Brock Nelson,NYI,6,28,C,68,26,28,54,32,6,18:51,15:15,2:01,1:34,22,4,0,5,3,25,3,0,4,3,47,7,0,9,6,13.00%,1.216,1.31,2.526,1.273,1.446,2.719,1.738,1.304,3.042,0.382,0.412,0.794,175,14.90%,49,44,615,573,51.77%
54,Kevin Fiala,MIN,3,23,LW,64,23,31,54,42,-1,15:24,12:58,2:23,0:01,14,9,0,4,1,22,9,0,5,0,36,18,0,9,1,33.30%,1.4,1.887,3.287,1.011,1.589,2.6,3.527,3.527,7.055,0.359,0.484,0.844,175,13.10%,25,18,2,7,22.22%
55,Nicklas Bäckström,WSH,9.2,32,C,61,12,42,54,14,-1,19:01,15:02,3:45,0:13,10,2,0,0,0,26,16,0,5,1,36,18,0,5,1,33.30%,0.62,2.172,2.792,0.654,1.7,2.353,0.524,4.195,4.719,0.197,0.689,0.885,132,9.10%,30,45,516,532,49.24%
56,Bo Horvat,VAN,5.5,24,C,69,22,31,53,21,-15,19:43,15:36,3:42,0:24,10,12,0,2,0,27,4,0,6,2,37,16,0,8,2,30.20%,0.97,1.366,2.336,0.557,1.504,2.06,2.814,0.938,3.752,0.319,0.449,0.768,178,12.40%,55,66,850,633,57.32%
57,Claude Giroux,PHI,8.275,31,C,69,21,32,53,28,7,18:59,14:57,3:06,0:55,13,7,1,6,0,18,13,1,1,0,31,20,2,7,0,37.70%,0.962,1.466,2.428,0.756,1.047,1.803,1.961,3.641,5.602,0.304,0.464,0.768,197,10.70%,45,16,663,460,59.04%
58,Dylan Larkin,DET,6.1,23,C,71,19,34,53,39,-21,21:14,17:15,3:13,0:45,14,5,0,0,0,25,9,0,4,0,39,14,0,4,0,26.40%,0.756,1.352,2.108,0.685,1.224,1.909,1.309,2.356,3.665,0.268,0.479,0.746,223,8.50%,52,45,714,648,52.42%
59,Jakub Vrana,WSH,3.35,23,LW,69,25,27,52,18,3,14:52,12:55,1:56,0:01,24,1,0,6,1,16,11,0,2,1,40,12,0,8,2,23.10%,1.461,1.578,3.038,1.615,1.077,2.692,0.448,4.925,5.373,0.362,0.391,0.754,187,13.40%,29,16,6,5,54.55%
60,Evgeny Kuznetsov,WSH,7.8,27,C,63,19,33,52,40,-2,17:49,14:37,3:10,0:01,13,6,0,0,0,27,6,0,9,2,40,12,0,9,2,23.10%,1.015,1.763,2.779,0.846,1.757,2.604,1.801,1.801,3.602,0.302,0.524,0.825,129,14.70%,35,16,348,455,43.34%
61,Taylor Hall,BUF,8,28,LW,65,16,36,52,34,-14,19:10,15:30,3:27,0:12,12,4,0,1,0,22,14,0,7,1,34,18,0,8,1,34.60%,0.77,1.733,2.503,0.714,1.31,2.024,1.066,3.732,4.798,0.246,0.554,0.8,232,6.90%,47,29,20,31,39.22%
62,Sam Reinhart,BUF,5.2,24,C,69,22,28,50,20,-15,20:37,17:06,3:27,0:02,17,5,0,2,0,21,7,0,7,1,38,12,0,9,1,24.00%,0.927,1.18,2.108,0.864,1.067,1.931,1.255,1.757,3.013,0.319,0.406,0.725,144,15.30%,36,27,40,72,35.71%
63,Tyler Seguin,DAL,9.85,27,C,69,17,33,50,22,-2,19:08,15:52,2:33,0:42,14,3,0,6,3,21,12,0,5,2,35,15,0,11,5,30.00%,0.772,1.499,2.27,0.767,1.15,1.917,1.018,4.074,5.092,0.246,0.478,0.725,245,6.90%,90,31,538,387,58.16%
64,Alex Killorn,TBL,4.45,30,LW,68,26,23,49,20,19,17:55,13:09,2:35,2:12,18,8,0,7,0,18,5,0,1,0,36,13,0,8,0,26.50%,1.28,1.132,2.412,1.207,1.207,2.415,2.721,1.7,4.421,0.382,0.338,0.721,130,20.00%,59,15,5,14,26.32%
65,T.J. Oshie,WSH,5.75,33,RW,69,26,23,49,26,4,18:17,14:33,3:34,0:08,16,10,0,4,1,21,2,0,5,2,37,12,0,9,3,24.50%,1.236,1.093,2.329,0.955,1.254,2.209,2.428,0.486,2.913,0.377,0.333,0.71,133,19.60%,90,58,119,119,50.00%
66,Timo Meier,SJS,6,23,RW,70,22,27,49,42,-22,17:17,14:29,2:06,0:41,20,2,0,2,0,20,7,0,2,0,40,9,0,4,0,18.40%,1.09,1.338,2.429,1.183,1.183,2.366,0.813,2.846,3.66,0.314,0.386,0.7,199,11.10%,155,38,12,25,32.43%
67,Pierre-Luc Dubois,CBJ,3.425,21,C,70,18,31,49,49,-2,17:55,15:09,2:40,0:06,17,1,0,4,2,22,9,0,8,1,39,10,0,12,3,20.40%,0.86,1.482,2.342,0.961,1.244,2.205,0.321,2.887,3.208,0.257,0.443,0.7,158,11.40%,85,50,359,446,44.60%
68,Sean Monahan,CGY,6.735,25,C,70,22,26,48,25,-16,18:04,15:11,2:51,0:01,14,8,0,5,1,18,8,0,6,1,32,16,0,11,2,33.30%,1.043,1.233,2.276,0.79,1.016,1.806,2.394,2.394,4.788,0.314,0.371,0.686,166,13.30%,65,22,549,495,52.59%
69,Filip Forsberg,NSH,6,25,LW,63,21,27,48,29,-7,17:21,14:05,2:51,0:23,14,7,0,2,0,20,7,0,2,0,34,14,0,4,0,29.20%,1.153,1.482,2.635,0.946,1.351,2.297,2.328,2.328,4.656,0.333,0.429,0.762,198,10.60%,82,27,1,2,33.33%
70,Tyler Bertuzzi,DET,3.5,24,LW,71,21,27,48,40,-23,19:18,15:59,3:08,0:10,18,3,0,1,0,16,11,0,3,0,34,14,0,4,0,29.20%,0.919,1.181,2.1,0.951,0.846,1.797,0.807,2.957,3.764,0.296,0.38,0.676,129,16.30%,71,30,4,2,66.67%
71,Evander Kane,SJS,7,28,LW,64,26,21,47,122,-12,19:32,15:27,2:43,1:21,10,14,2,6,0,17,4,0,3,2,27,18,2,9,2,38.30%,1.248,1.008,2.255,0.606,1.031,1.637,4.826,1.379,6.205,0.406,0.328,0.734,216,12.00%,135,25,106,96,52.48%
72,Evgeny Dadonov,OTT,5,30,RW,69,25,22,47,10,-7,17:06,13:45,3:20,0:00,14,11,0,2,0,16,6,0,3,0,30,17,0,5,0,36.20%,1.271,1.118,2.389,0.885,1.012,1.897,2.863,1.561,4.424,0.362,0.319,0.681,167,15.00%,29,24,0,0,0.00%
73,Jonathan Marchessault,VGK,5,29,C,66,22,25,47,28,6,17:17,15:03,2:13,0:00,16,6,0,3,1,19,6,0,3,1,35,12,0,6,2,25.50%,1.157,1.315,2.472,0.966,1.147,2.113,2.46,2.46,4.92,0.333,0.379,0.712,235,9.40%,99,12,58,78,42.65%
74,Eric Staal,MIN,3.25,35,C,66,19,28,47,28,-9,17:08,14:09,2:42,0:16,14,5,0,5,1,19,9,0,3,0,33,14,0,8,1,29.80%,1.008,1.486,2.494,0.899,1.221,2.12,1.677,3.018,4.694,0.288,0.424,0.712,113,16.80%,24,22,495,504,49.55%
75,Sidney Crosby,PIT,8.7,32,C,41,16,31,47,15,-8,20:15,16:06,3:51,0:18,12,4,0,4,2,18,13,0,5,0,30,17,0,9,2,36.20%,1.155,2.238,3.394,1.09,1.635,2.726,1.52,4.94,6.46,0.39,0.756,1.146,109,14.70%,28,17,494,394,55.63%
76,Phillip Danault,MTL,3.083,26,C,71,13,34,47,32,18,18:50,14:45,1:33,2:30,12,1,0,1,0,31,3,0,3,0,43,4,0,4,0,8.50%,0.583,1.526,2.109,0.687,1.775,2.462,0.54,1.621,2.161,0.183,0.479,0.662,131,9.90%,119,37,728,607,54.53%
77,Dominik Kubalik,CHI,3.7,24,LW,68,30,16,46,16,2,14:22,12:24,1:56,0:01,26,4,0,3,0,12,4,0,1,0,38,8,0,4,0,17.40%,1.841,0.982,2.824,1.85,0.854,2.704,1.811,1.811,3.621,0.441,0.235,0.676,157,19.10%,79,17,6,13,31.58%
78,Zach Parise,MIN,7.538,35,LW,69,25,21,46,8,-11,17:11,13:31,2:45,0:54,12,12,1,4,0,15,6,0,4,1,27,18,1,8,1,39.10%,1.264,1.062,2.326,0.771,0.964,1.735,3.774,1.887,5.661,0.362,0.304,0.667,155,16.10%,27,38,41,36,53.25%
79,Pavel Buchnevich,NYR,3.25,24,RW,68,16,30,46,24,2,16:55,14:36,2:17,0:01,12,4,0,1,0,25,5,0,6,1,37,9,0,7,1,19.60%,0.834,1.564,2.397,0.725,1.509,2.234,1.535,1.919,3.454,0.235,0.441,0.676,148,10.80%,80,22,4,19,17.39%
80,William Karlsson,VGK,5.9,26,C,63,15,31,46,16,11,18:51,14:59,1:57,1:55,11,2,2,1,0,22,6,3,8,0,33,8,5,9,0,17.40%,0.757,1.565,2.322,0.699,1.398,2.097,0.973,2.92,3.893,0.238,0.492,0.73,138,10.90%,40,38,493,453,52.11%
81,Kyle Palmieri,NJD,4.65,28,RW,65,25,20,45,41,-4,17:06,13:43,3:10,0:12,14,11,0,3,1,13,7,0,4,1,27,18,0,7,2,40.00%,1.349,1.079,2.428,0.942,0.875,1.816,3.199,2.036,5.236,0.385,0.308,0.692,155,16.10%,74,36,12,25,32.43%
82,Chris Kreider,NYR,6.5,28,LW,63,24,21,45,58,13,17:14,13:45,3:28,0:01,15,9,0,5,0,17,4,0,2,0,32,13,0,7,0,28.90%,1.325,1.159,2.485,1.039,1.177,2.216,2.471,1.098,3.569,0.381,0.333,0.714,156,15.40%,116,42,53,70,43.09%
83,Tanner Pearson,VAN,3.75,27,LW,69,21,24,45,27,-4,16:30,13:51,1:35,1:03,16,3,2,3,0,16,7,1,4,0,32,10,3,7,0,22.20%,1.106,1.264,2.37,1.004,1.004,2.008,1.64,3.826,5.465,0.304,0.348,0.652,164,12.80%,96,40,4,14,22.22%
84,Andre Burakovsky,COL,4.9,24,LW,58,20,25,45,22,11,15:12,12:48,2:23,0:00,18,2,0,6,1,16,9,0,3,1,34,11,0,9,2,24.40%,1.361,1.701,3.062,1.453,1.292,2.745,0.868,3.906,4.774,0.345,0.431,0.776,103,19.40%,26,34,5,9,35.71%
85,Alex DeBrincat,CHI,6.4,22,LW,70,18,27,45,15,-10,17:29,14:00,3:28,0:00,8,10,0,4,1,21,6,0,3,0,29,16,0,7,1,35.60%,0.882,1.323,2.205,0.49,1.285,1.775,2.466,1.48,3.945,0.257,0.386,0.643,207,8.70%,58,19,7,13,35.00%
86,Brock Boeser,VAN,5.875,22,RW,57,16,29,45,14,4,18:34,14:25,4:07,0:01,11,5,0,3,0,20,9,0,8,3,31,14,0,11,3,31.10%,0.907,1.644,2.551,0.803,1.459,2.262,1.277,2.298,3.575,0.281,0.509,0.789,169,9.50%,28,14,11,19,36.67%
87,Mikael Backlund,CGY,5.35,30,C,70,16,29,45,26,3,17:55,14:55,1:24,1:35,10,3,3,3,0,22,7,0,2,1,32,10,3,5,1,22.20%,0.765,1.387,2.152,0.574,1.263,1.837,1.831,4.273,6.105,0.229,0.414,0.643,157,10.20%,44,11,368,408,47.42%
88,Nick Schmaltz,ARI,5.85,23,C,70,11,34,45,20,3,15:32,13:16,2:14,0:00,9,2,0,2,0,23,11,0,5,1,32,13,0,7,1,28.90%,0.607,1.876,2.483,0.581,1.485,2.066,0.763,4.199,4.962,0.157,0.486,0.643,95,11.60%,12,36,160,216,42.55%
89,Tyler Toffoli,MTL,4.25,27,RW,68,24,20,44,20,-1,16:49,13:45,2:09,0:54,19,5,0,4,1,15,5,0,3,1,34,10,0,7,2,22.70%,1.258,1.048,2.307,1.219,0.962,2.181,2.037,2.037,4.073,0.353,0.294,0.647,203,11.80%,48,16,4,10,28.57%
90,Gabriel Landeskog,COL,5.571,27,LW,54,21,23,44,47,-2,20:01,16:11,3:47,0:03,15,6,0,4,0,14,9,0,4,0,29,15,0,8,0,34.10%,1.165,1.276,2.441,1.03,0.961,1.991,1.759,2.638,4.396,0.389,0.426,0.815,145,14.50%,86,35,273,213,56.17%
91,Tom Wilson,WSH,5.167,25,RW,68,21,23,44,93,-3,18:15,14:23,1:50,2:01,15,5,1,5,1,20,2,1,2,0,35,7,2,7,1,15.90%,1.014,1.111,2.126,0.92,1.226,2.146,2.389,0.955,3.344,0.309,0.338,0.647,154,13.60%,253,58,18,39,31.58%
92,Brady Tkachuk,OTT,3.425,20,LW,71,21,23,44,106,-14,18:56,15:57,2:55,0:03,19,2,0,3,1,17,6,0,6,2,36,8,0,9,3,18.20%,0.937,1.026,1.963,1.006,0.9,1.906,0.578,1.733,2.31,0.296,0.324,0.62,259,8.10%,303,43,144,168,46.15%
93,Clayton Keller,ARI,7.15,21,RW,70,17,27,44,28,-6,16:17,13:34,2:41,0:01,15,2,0,2,0,14,13,0,5,1,29,15,0,7,1,34.10%,0.894,1.42,2.314,0.947,0.884,1.831,0.636,4.131,4.767,0.243,0.386,0.629,184,9.20%,20,13,8,13,38.10%
94,Max Domi,CBJ,5.3,24,C,71,17,27,44,35,-3,17:05,14:45,2:19,0:01,16,1,0,3,2,17,10,0,2,2,33,11,0,5,4,25.00%,0.84,1.335,2.175,0.916,0.974,1.89,0.364,3.64,4.004,0.239,0.38,0.62,179,9.50%,32,13,385,404,48.80%
95,Anthony Cirelli,TBL,1,22,C,68,16,28,44,30,28,18:27,14:43,0:57,2:48,14,1,1,3,1,23,4,1,3,0,37,5,2,6,1,11.40%,0.765,1.338,2.103,0.839,1.378,2.217,0.924,3.698,4.622,0.235,0.412,0.647,113,14.20%,89,47,434,480,47.48%
96,Nikita Gusev,NJD,4.5,27,LW,66,13,31,44,12,-15,14:41,12:12,2:29,0:00,8,5,0,2,0,21,10,0,6,0,29,15,0,8,0,34.10%,0.804,1.918,2.722,0.596,1.564,2.16,1.827,3.655,5.482,0.197,0.47,0.667,158,8.20%,12,7,1,2,33.33%
97,Adam Henrique,ANA,5.825,29,C,71,26,17,43,22,-2,16:52,13:59,2:19,0:33,21,5,0,1,0,13,4,0,2,1,34,9,0,3,1,20.90%,1.302,0.852,2.154,1.269,0.786,2.054,1.817,1.454,3.27,0.366,0.239,0.606,169,15.40%,75,32,512,417,55.11%
98,Brendan Gallagher,MTL,3.75,27,RW,59,22,21,43,29,9,16:54,14:49,2:03,0:01,21,1,0,1,0,17,4,0,2,0,38,5,0,3,0,11.60%,1.323,1.263,2.586,1.44,1.166,2.605,0.495,1.982,2.477,0.373,0.356,0.729,226,9.70%,53,29,12,17,41.38%
99,Jake Guentzel,PIT,6,25,LW,39,20,23,43,14,11,20:37,17:11,3:10,0:16,14,6,0,4,1,19,4,0,5,1,33,10,0,9,2,23.30%,1.492,1.715,3.207,1.253,1.701,2.954,2.909,1.939,4.848,0.513,0.59,1.103,127,15.80%,46,19,22,25,46.81%
100,Anders Lee,NYI,7,29,LW,68,20,23,43,47,8,18:17,15:59,2:17,0:00,18,2,0,6,1,18,5,0,5,1,36,7,0,11,2,16.30%,0.965,1.11,2.075,0.993,0.993,1.987,0.772,1.931,2.704,0.294,0.338,0.632,195,10.30%,102,50,90,109,45.23%
101,Alex Iafallo,LAK,2.425,26,C,70,17,26,43,14,1,18:55,15:00,2:28,1:26,11,6,0,3,2,23,3,0,3,1,34,9,0,6,3,20.9%,0.77,1.177,1.947,0.628,1.314,1.943,2.076,1.038,3.114,0.243,0.371,0.614,142,12.0%,49,47,11,12,47.83%
102,Connor Brown,OTT,3.6,25,RW,71,16,27,43,24,-6,20:06,15:50,1:40,2:36,13,3,0,1,0,24,1,2,6,0,37,4,2,7,0,9.3%,0.672,1.134,1.807,0.694,1.28,1.974,1.52,0.507,2.027,0.225,0.38,0.606,173,9.3%,39,35,29,39,42.65%
103,Joshua Bailey,NYI,5,30,C,68,14,29,43,10,-12,16:53,13:39,1:47,1:26,11,2,1,2,0,22,7,0,7,1,33,9,1,9,1,20.9%,0.731,1.514,2.245,0.71,1.421,2.131,0.981,3.434,4.415,0.206,0.426,0.632,94,14.9%,20,48,128,129,49.81%
104,David Krejcí,BOS,7.25,33,C,61,13,30,43,23,14,17:09,15:16,1:51,0:02,10,3,0,3,1,19,11,0,9,3,29,14,0,12,4,32.6%,0.745,1.719,2.464,0.644,1.223,1.867,1.594,5.844,7.438,0.213,0.492,0.705,83,15.7%,37,32,373,363,50.68%
105,Jean-Gabriel Pageau,NYI,5,27,C,67,26,16,42,49,4,19:08,15:07,1:46,2:14,18,5,3,5,1,8,5,3,2,1,26,10,6,7,2,23.8%,1.216,0.748,1.964,1.066,0.474,1.54,2.517,2.517,5.034,0.388,0.239,0.627,151,17.2%,128,53,614,534,53.48%
106,Victor Olofsson,BUF,3.05,24,RW,54,20,22,42,6,-1,18:23,14:56,3:19,0:07,9,11,0,4,1,16,6,0,2,0,25,17,0,6,1,40.5%,1.209,1.33,2.538,0.67,1.19,1.86,3.679,2.007,5.686,0.37,0.407,0.778,127,15.8%,10,16,1,1,50.00%
107,Rickard Rakell,ANA,3.8,26,RW,65,15,27,42,12,-5,18:09,15:08,2:21,0:39,12,3,0,2,1,18,6,3,0,0,30,9,3,2,1,21.4%,0.762,1.372,2.134,0.731,1.097,1.828,1.172,2.345,3.517,0.231,0.415,0.646,186,8.1%,81,29,10,3,76.92%
108,Gustav Nyquist,CBJ,5.5,30,RW,70,15,27,42,16,4,18:01,14:47,2:34,0:39,11,3,1,3,1,21,6,0,4,1,32,9,1,7,2,21.4%,0.713,1.283,1.996,0.637,1.216,1.854,0.997,1.994,2.991,0.214,0.386,0.6,151,9.9%,37,26,17,16,51.52%
109,Matt Duchene,NSH,8,28,C,66,13,29,42,24,-4,16:52,14:12,2:38,0:01,8,5,0,1,0,23,6,0,4,2,31,11,0,5,2,26.2%,0.7,1.562,2.262,0.512,1.471,1.983,1.718,2.061,3.779,0.197,0.439,0.636,136,9.6%,40,22,388,306,55.91%
110,Ryan Getzlaf,ANA,8.25,34,C,69,13,29,42,58,-16,18:43,15:35,2:26,0:42,10,3,0,5,1,23,6,0,4,1,33,9,0,9,2,21.4%,0.604,1.347,1.951,0.558,1.283,1.841,1.07,2.141,3.211,0.188,0.42,0.609,143,9.1%,125,69,530,504,51.26%
111,Robert Thomas,STL,1.208,20,C,66,10,32,42,18,9,14:33,13:07,1:25,0:00,9,1,0,2,0,26,6,0,9,1,35,7,0,11,1,16.7%,0.624,1.998,2.622,0.623,1.801,2.424,0.638,3.825,4.463,0.152,0.485,0.636,87,11.5%,13,13,136,181,42.90%
112,Kevin Hayes,PHI,7.142,27,RW,69,23,18,41,34,-6,17:43,14:04,1:38,2:00,15,4,4,5,2,15,3,0,3,0,30,7,4,8,2,17.1%,1.128,0.883,2.011,0.927,0.927,1.853,2.116,1.587,3.704,0.333,0.261,0.594,175,13.1%,88,22,415,411,50.24%
113,Jason Zucker,PIT,5.5,27,LW,60,20,21,41,21,-4,16:20,13:56,2:17,0:06,13,7,0,4,0,16,5,0,5,0,29,12,0,9,0,29.3%,1.224,1.285,2.51,0.933,1.148,2.081,3.045,2.175,5.221,0.333,0.35,0.683,111,18.0%,53,23,12,29,29.27%
114,Mikko Rantanen,COL,9.25,23,RW,42,19,22,41,14,-2,18:56,15:26,3:30,0:00,11,8,0,5,0,16,6,0,3,1,27,14,0,8,1,34.1%,1.432,1.659,3.091,1.018,1.481,2.499,3.265,2.449,5.714,0.452,0.524,0.976,107,17.8%,28,23,44,31,58.67%
115,Ondrej Palat,TBL,5.3,28,LW,69,17,24,41,22,25,16:10,14:01,1:19,0:50,12,4,1,2,0,20,4,0,5,1,32,8,1,7,1,19.5%,0.914,1.29,2.203,0.744,1.24,1.985,2.622,2.622,5.244,0.246,0.348,0.594,128,13.3%,146,61,7,14,33.33%
116,Nicholas Suzuki,MTL,1.542,20,C,71,13,28,41,6,-15,15:59,13:31,2:10,0:17,7,6,0,1,0,20,8,0,3,1,27,14,0,4,1,34.1%,0.687,1.48,2.167,0.437,1.25,1.687,2.335,3.113,5.448,0.183,0.394,0.577,138,9.4%,64,32,304,354,46.20%
117,Anthony Duclair,OTT,1.65,24,LW,66,23,17,40,18,-5,16:16,12:45,2:34,0:56,16,5,2,2,2,14,3,0,4,1,30,8,2,6,3,20.0%,1.285,0.95,2.235,1.14,0.998,2.138,1.766,1.06,2.826,0.348,0.258,0.606,184,12.5%,53,39,3,3,50.00%
118,James van Riemsdyk,PHI,7,30,LW,66,19,21,40,8,5,14:54,12:19,2:33,0:01,15,4,0,2,0,16,5,0,4,0,31,9,0,6,0,22.5%,1.159,1.281,2.44,1.107,1.18,2.287,1.419,1.774,3.193,0.288,0.318,0.606,151,12.6%,25,18,8,15,34.78%
119,Jordan Eberle,NYI,5.5,29,RW,58,16,24,40,12,1,17:48,15:12,2:35,0:00,12,4,0,1,0,17,7,0,3,0,29,11,0,4,0,27.5%,0.929,1.394,2.323,0.816,1.156,1.973,1.595,2.791,4.386,0.276,0.414,0.69,136,11.8%,37,39,3,6,33.33%
120,Conor Garland,ARI,1,23,RW,68,22,17,39,20,1,14:09,12:02,2:05,0:00,18,4,0,5,0,11,6,0,0,0,29,10,0,5,0,25.6%,1.372,1.06,2.431,1.318,0.806,2.124,1.683,2.524,4.207,0.324,0.25,0.574,158,13.9%,26,21,4,7,36.36%
121,Jakob Silfverberg,ANA,5.25,29,LW,66,21,18,39,14,0,17:41,13:38,2:22,1:39,15,4,2,1,0,15,3,0,1,1,30,7,2,2,1,17.9%,1.08,0.925,2.005,0.999,0.999,1.999,1.528,1.146,2.674,0.318,0.273,0.591,155,13.6%,28,41,8,33,19.51%
122,Jamie Benn,DAL,9.5,30,LW,69,19,20,39,53,-4,16:26,13:45,2:23,0:16,11,8,0,4,2,14,6,0,3,0,25,14,0,7,2,35.9%,1.005,1.058,2.063,0.695,0.885,1.58,2.902,2.176,5.078,0.275,0.29,0.565,163,11.7%,167,57,244,193,55.84%
123,Anthony Beauvillier,NYI,2.1,22,LW,68,18,21,39,15,-11,17:15,14:50,1:46,0:38,14,3,1,3,2,17,4,0,5,2,31,7,1,8,4,17.9%,0.92,1.074,1.994,0.832,1.011,1.843,1.49,1.986,3.476,0.265,0.309,0.574,132,13.6%,86,36,9,4,69.23%
124,Logan Couture,SJS,6,30,C,52,16,23,39,18,0,18:31,14:05,2:45,1:41,16,0,0,3,3,12,9,2,3,0,28,9,2,6,3,23.1%,0.996,1.432,2.429,1.311,0.983,2.294,0,3.774,3.774,0.308,0.442,0.75,126,12.7%,54,45,195,248,44.02%
125,Lars Eller,WSH,3.5,30,C,69,16,23,39,48,3,17:00,12:50,1:44,2:25,13,2,1,1,1,18,4,1,6,0,31,6,2,7,1,15.4%,0.818,1.176,1.994,0.88,1.218,2.098,1,2,3,0.232,0.333,0.565,151,10.6%,59,44,536,498,51.84%
126,Christian Dvorak,ARI,4.45,23,C,70,18,20,38,12,6,16:41,13:40,2:43,0:17,12,6,0,2,1,16,4,0,4,0,28,10,0,6,1,26.3%,0.924,1.027,1.951,0.752,1.003,1.755,1.884,1.256,3.14,0.257,0.286,0.543,134,13.4%,39,36,523,426,55.11%
127,Paul Stastny,WPG,6.5,34,C,71,17,21,38,24,6,17:07,13:42,2:18,1:05,12,5,0,3,1,15,5,1,3,0,27,10,1,6,1,26.3%,0.839,1.036,1.875,0.74,0.924,1.664,1.824,1.824,3.649,0.239,0.296,0.535,136,12.5%,63,32,624,515,54.78%
128,Anthony Mantha,DET,5.7,25,RW,43,16,22,38,34,-7,18:53,15:49,3:03,0:00,10,6,0,3,0,19,3,0,0,0,29,9,0,3,0,23.7%,1.182,1.625,2.806,0.882,1.675,2.557,2.741,1.37,4.111,0.372,0.512,0.884,137,11.7%,49,25,16,22,42.11%
129,Phil Kessel,ARI,8,32,RW,70,14,24,38,22,-21,17:08,13:57,3:09,0:02,5,9,0,2,0,16,8,0,4,0,21,17,0,6,0,44.7%,0.7,1.2,1.899,0.307,0.983,1.29,2.447,2.175,4.621,0.2,0.343,0.543,153,9.2%,11,20,2,7,22.22%
1,John Carlson,WSH,8,29,D,69,15,60,75,26,12,24:36:00,19:06,4:00,1:29,13,2,0,6,0,36,24,0,7,3,49,26,0,13,3,34.70%,0.53,2.12,2.65,0.591,1.638,2.229,0.434,5.207,5.641,0.217,0.87,1.087,189,7.90%,55,108,0,1,0.00%
2,Roman Josi,NSH,9.059,29,D,69,16,49,65,41,22,25:46:00,20:29,3:16,2:00,12,4,0,1,0,30,19,0,8,1,42,23,0,9,1,35.40%,0.54,1.653,2.193,0.509,1.273,1.782,1.061,5.041,6.102,0.232,0.71,0.942,260,6.20%,52,108,0,0,0.00%
3,Victor Hedman,TBL,7.875,29,D,66,11,44,55,31,27,24:03:00,18:36,3:05,2:21,7,4,0,3,0,26,18,0,8,2,33,22,0,11,2,40.00%,0.416,1.663,2.078,0.342,1.27,1.612,1.176,5.292,6.468,0.167,0.667,0.833,155,7.10%,73,97,0,0,0.00%
4,Anthony Deangelo,NYR,4.8,24,D,68,15,38,53,47,12,19:17,16:09,3:04,0:02,12,3,0,3,2,22,16,0,8,1,34,19,0,11,3,35.80%,0.686,1.738,2.425,0.655,1.201,1.856,0.86,4.588,5.448,0.221,0.559,0.779,149,10.10%,48,57,0,0,0.00%
5,Quinton Hughes,VAN,1.604,20,D,68,8,45,53,22,-10,21:53,18:01,3:48,0:02,5,3,0,2,1,23,22,0,4,1,28,25,0,6,2,47.20%,0.323,1.814,2.137,0.245,1.126,1.371,0.694,5.092,5.786,0.118,0.662,0.779,126,6.40%,7,46,0,0,0.00%
6,Alex Pietrangelo,VGK,8.8,29,D,70,16,36,52,20,11,24:11:00,19:14,3:05,1:50,10,6,0,3,0,19,16,1,6,4,29,22,1,9,4,42.30%,0.567,1.276,1.843,0.445,0.846,1.291,1.661,4.43,6.092,0.229,0.514,0.743,225,7.10%,47,89,0,0,0.00%
7,Cale Makar,COL,2.854,21,D,57,12,38,50,12,12,21:00,17:11,3:43,0:06,8,4,0,4,0,23,15,0,6,2,31,19,0,10,2,38.00%,0.601,1.904,2.505,0.49,1.409,1.899,1.13,4.239,5.37,0.211,0.667,0.877,121,9.90%,45,47,0,0,0.00%
8,Torey Krug,STL,6.5,28,D,61,9,40,49,33,-4,20:29,16:30,3:53,0:05,7,2,0,4,2,14,26,0,8,2,21,28,0,12,4,57.10%,0.432,1.92,2.352,0.417,0.834,1.251,0.507,6.586,7.092,0.148,0.656,0.803,144,6.30%,36,48,0,0,0.00%
9,Ryan Suter,MIN,7.538,34,D,69,8,40,48,12,-6,24:38:00,19:18,2:54,2:25,6,2,0,2,0,24,16,0,10,3,30,18,0,12,3,37.50%,0.282,1.412,1.694,0.27,1.081,1.351,0.597,4.779,5.376,0.116,0.58,0.696,111,7.20%,48,93,0,0,0.00%
10,Shea Theodore,VGK,5.2,24,D,71,13,33,46,25,12,22:14,18:59,3:06,0:08,11,1,1,4,2,18,15,0,7,1,29,16,1,11,3,34.80%,0.494,1.254,1.748,0.49,0.801,1.291,0.272,4.079,4.351,0.183,0.465,0.648,219,5.90%,20,69,0,0,0.00%
11,Brent Burns,SJS,8,34,D,70,12,33,45,34,-22,25:24:00,20:10,2:46,2:28,7,5,0,1,1,20,12,1,7,2,27,17,1,8,3,37.80%,0.405,1.113,1.518,0.297,0.85,1.147,1.549,3.717,5.266,0.171,0.471,0.643,225,5.30%,72,115,0,0,0.00%
12,Neal Pionk,WPG,3,24,D,71,6,39,45,32,10,23:22,19:32,2:55,0:53,3,3,0,1,0,17,22,0,9,2,20,25,0,10,2,55.60%,0.217,1.41,1.627,0.13,0.735,0.865,0.867,6.355,7.221,0.085,0.549,0.634,177,3.40%,165,78,0,0,0.00%
13,Keith Yandle,FLA,6.35,33,D,69,5,40,45,20,0,19:41,15:56,3:42,0:03,3,2,0,0,0,21,19,0,2,0,24,21,0,2,0,46.70%,0.221,1.766,1.987,0.164,1.146,1.31,0.469,4.458,4.928,0.072,0.58,0.652,129,3.90%,18,51,0,1,0.00%
14,Kristopher Letang,PIT,7.25,32,D,61,15,29,44,38,0,25:43:00,20:00,3:30,2:12,9,6,0,2,0,20,9,0,7,2,29,15,0,9,2,34.10%,0.574,1.109,1.682,0.443,0.983,1.426,1.68,2.52,4.199,0.246,0.475,0.721,177,8.50%,101,91,0,0,0.00%
15,Adam Fox,NYR,1.775,21,D,70,8,34,42,32,22,18:54,16:47,1:58,0:07,7,1,0,4,0,22,12,0,2,1,29,13,0,6,1,31.00%,0.363,1.542,1.904,0.357,1.123,1.48,0.432,5.189,5.621,0.114,0.486,0.6,125,6.40%,35,92,0,0,0.00%
16,Zachary Werenski,CBJ,5,22,D,63,20,21,41,10,9,23:59,19:16,2:43,1:58,14,5,1,4,2,13,8,0,5,1,27,13,1,9,3,31.70%,0.794,0.834,1.628,0.692,0.642,1.334,1.745,2.792,4.538,0.317,0.333,0.651,187,10.70%,36,58,0,0,0.00%
17,Aaron Ekblad,FLA,7.5,23,D,67,5,36,41,26,12,22:58,19:29,1:26,2:01,5,0,0,1,1,29,6,1,6,0,34,6,1,7,1,14.60%,0.195,1.403,1.598,0.23,1.332,1.561,0,3.72,3.72,0.075,0.537,0.612,147,3.40%,34,84,0,0,0.00%
18,Dougie Hamilton,CAR,5.75,26,D,47,14,26,40,32,30,23:17,17:47,3:09,2:19,12,2,0,3,2,15,10,1,6,1,27,12,1,9,3,30.00%,0.768,1.426,2.193,0.861,1.076,1.937,0.807,4.036,4.844,0.298,0.553,0.851,170,8.20%,52,63,0,0,0.00%
19,Jeff Petry,MTL,5.5,32,D,71,11,29,40,26,-10,23:38,19:08,2:24,2:05,7,3,1,3,2,20,9,0,6,2,27,12,1,9,4,30.00%,0.393,1.037,1.43,0.309,0.883,1.192,1.055,3.164,4.218,0.155,0.408,0.563,158,7.00%,177,79,0,0,0.00%
20,Erik Karlsson,SJS,11.5,29,D,56,6,34,40,16,-15,24:31:00,18:56,3:00,2:34,4,1,1,0,0,22,12,0,5,0,26,13,1,5,0,32.50%,0.262,1.486,1.748,0.226,1.245,1.471,0.357,4.28,4.637,0.107,0.607,0.714,120,5.00%,26,74,0,0,0.00%
21,Rasmus Dahlin,BUF,3.775,19,D,59,4,36,40,38,-7,19:17,15:50,3:21,0:05,2,2,0,1,0,19,17,0,5,1,21,19,0,6,1,47.50%,0.211,1.897,2.108,0.128,1.22,1.348,0.606,5.147,5.753,0.068,0.61,0.678,90,4.40%,72,51,0,0,0.00%
22,Thomas Chabot,OTT,8,22,D,71,6,33,39,42,-18,26:00:00,22:30,3:15,0:14,6,0,0,0,0,22,11,0,4,3,28,11,0,4,3,28.20%,0.195,1.072,1.267,0.225,0.826,1.052,0,2.854,2.854,0.085,0.465,0.549,186,3.20%,79,85,0,0,0.00%
23,Tyson Barrie,EDM,3.75,28,D,70,5,34,39,16,-7,21:52,19:10,2:40,0:02,4,1,0,0,0,23,11,0,4,0,27,12,0,4,0,30.80%,0.196,1.332,1.528,0.179,1.028,1.207,0.321,3.534,3.856,0.071,0.486,0.557,169,3.00%,47,76,0,0,0.00%
24,Ryan Ellis,NSH,6.25,28,D,49,8,30,38,19,16,23:30,18:56,2:13,2:21,6,2,0,3,2,23,7,0,3,1,29,9,0,6,3,23.70%,0.417,1.563,1.98,0.388,1.487,1.875,1.105,3.866,4.971,0.163,0.612,0.776,114,7.00%,48,96,0,0,0.00%
25,Shea Weber,MTL,7.857,34,D,65,15,21,36,33,8,24:00:00,18:36,2:10,3:13,12,3,0,2,0,16,5,0,3,0,28,8,0,5,0,22.20%,0.577,0.807,1.384,0.595,0.794,1.389,1.278,2.13,3.408,0.231,0.323,0.554,185,8.10%,112,114,0,0,0.00%
26,Ivan Provorov,PHI,6.75,22,D,69,13,23,36,24,11,24:50:00,19:03,3:02,2:44,6,7,0,3,1,13,9,1,3,2,19,16,1,6,3,44.40%,0.455,0.805,1.26,0.274,0.593,0.867,1.999,2.57,4.57,0.188,0.333,0.522,150,8.70%,84,111,0,0,0.00%
27,Jaccob Slavin,CAR,5.3,25,D,68,6,30,36,10,30,23:24,19:23,0:54,3:06,6,0,0,3,1,26,3,1,1,0,32,3,1,4,1,8.30%,0.226,1.131,1.357,0.273,1.183,1.456,0,2.894,2.894,0.088,0.441,0.529,145,4.10%,43,107,0,0,0.00%
28,Ryan Pulock,NYI,5,25,D,68,10,25,35,14,8,22:24,19:09,1:46,1:29,7,3,0,3,1,20,5,0,2,0,27,8,0,5,1,22.90%,0.394,0.984,1.378,0.323,0.922,1.244,1.498,2.497,3.996,0.147,0.368,0.515,163,6.10%,110,139,0,0,0.00%
29,Miro Heiskanen,DAL,3.425,20,D,68,8,27,35,12,14,23:46,19:24,2:17,2:04,8,0,0,0,0,20,7,0,7,2,28,7,0,7,2,20.00%,0.297,1.002,1.299,0.364,0.909,1.273,0,2.699,2.699,0.118,0.397,0.515,163,4.90%,40,84,0,0,0.00%
30,Drew Doughty,LAK,11,30,D,67,7,28,35,36,-16,25:48:00,20:35,3:06,2:06,2,5,0,2,2,18,9,1,7,2,20,14,1,9,4,40.00%,0.243,0.971,1.214,0.087,0.783,0.87,1.439,2.59,4.028,0.104,0.418,0.522,141,5.00%,106,87,0,0,0.00%
31,Mikhail Sergachyov,TBL,1.775,21,D,70,10,24,34,58,15,20:22,17:19,1:52,1:09,4,5,1,0,0,16,8,0,4,1,20,13,1,4,1,38.20%,0.421,1.01,1.431,0.198,0.791,0.989,2.286,3.657,5.943,0.143,0.343,0.486,118,8.50%,106,99,0,0,0.00%
32,Kevin Shattenkirk,ANA,3.9,30,D,70,8,26,34,38,22,18:53,17:12,1:21,0:19,7,1,0,0,0,20,6,0,1,0,27,7,0,1,0,20.60%,0.363,1.18,1.543,0.349,0.997,1.345,0.628,3.766,4.394,0.114,0.371,0.486,131,6.10%,62,66,0,0,0.00%
33,Oscar Klefbom,EDM,4.167,26,D,62,5,29,34,24,-17,25:24:00,19:17,3:37,2:29,3,2,0,0,0,13,16,0,6,0,16,18,0,6,0,52.90%,0.19,1.104,1.295,0.15,0.652,0.803,0.533,4.264,4.797,0.081,0.468,0.548,159,3.10%,45,180,0,0,0.00%
34,Samuel Girard,COL,5,21,D,70,4,30,34,17,1,21:18,18:48,2:24,0:05,3,1,0,1,0,18,12,0,3,2,21,13,0,4,2,38.20%,0.161,1.207,1.367,0.137,0.82,0.957,0.356,4.272,4.628,0.057,0.429,0.486,96,4.20%,46,92,0,0,0.00%
35,Matt Niskanen,PHI,5.75,33,D,68,8,25,33,29,15,21:54,17:13,2:03,2:37,3,4,1,0,0,16,9,0,4,0,19,13,1,4,0,39.40%,0.322,1.007,1.329,0.154,0.82,0.973,1.721,3.873,5.594,0.118,0.368,0.485,126,6.40%,124,84,0,0,0.00%
36,Mattias Ekholm,NSH,3.75,29,D,68,8,25,33,32,-1,23:22,19:13,1:19,2:49,7,0,1,2,0,19,5,1,6,1,26,5,2,8,1,15.20%,0.302,0.944,1.246,0.321,0.872,1.194,0,3.325,3.325,0.118,0.368,0.485,154,5.20%,49,100,0,0,0.00%
37,Rasmus Ristolainen,BUF,5.4,25,D,69,6,27,33,46,-2,22:47,18:13,2:19,2:15,4,2,0,0,0,19,7,1,4,2,23,9,1,4,2,27.30%,0.229,1.03,1.259,0.191,0.907,1.098,0.748,2.617,3.364,0.087,0.391,0.478,128,4.70%,203,82,0,0,0.00%
38,Alexander Edler,VAN,6,33,D,59,5,28,33,62,13,22:37,18:20,1:11,3:04,4,1,0,1,0,22,6,0,2,1,26,7,0,3,1,21.20%,0.225,1.259,1.484,0.222,1.22,1.441,0.852,5.115,5.967,0.085,0.475,0.559,118,4.20%,108,162,0,0,0.00%
39,Darnell Nurse,EDM,5.6,24,D,71,5,28,33,48,-2,23:27,20:21,1:03,2:02,5,0,0,1,0,23,5,0,2,0,28,5,0,3,0,15.20%,0.18,1.009,1.189,0.208,0.955,1.162,0,3.981,3.981,0.07,0.394,0.465,170,2.90%,172,141,0,0,0.00%
40,Jared Spurgeon,MIN,7.575,30,D,62,12,20,32,18,-1,22:34,17:37,2:29,2:26,9,3,0,2,0,10,10,0,1,0,19,13,0,3,0,40.60%,0.514,0.857,1.372,0.494,0.549,1.043,1.162,3.874,5.036,0.194,0.323,0.516,112,10.70%,61,102,0,1,0.00%
41,John Klingberg,DAL,4.25,27,D,58,6,26,32,22,-10,22:09,19:19,2:32,0:18,4,2,0,0,0,11,15,0,6,1,15,17,0,6,1,53.10%,0.28,1.213,1.494,0.214,0.589,0.803,0.813,6.097,6.91,0.103,0.448,0.552,120,5.00%,29,72,0,0,0.00%
42,Charlie McAvoy,BOS,4.9,22,D,67,5,27,32,41,24,23:09,19:59,1:20,1:49,4,1,0,1,1,25,1,1,3,0,29,2,1,4,1,6.30%,0.193,1.044,1.237,0.179,1.12,1.299,0.664,0.664,1.328,0.075,0.403,0.478,101,5.00%,131,132,0,0,0.00%
43,Alex Goligoski,ARI,5.475,34,D,70,4,28,32,24,8,23:03,18:46,1:55,2:21,2,2,0,0,0,19,9,0,3,1,21,11,0,3,1,34.40%,0.149,1.041,1.19,0.091,0.868,0.959,0.89,4.005,4.895,0.057,0.4,0.457,101,4.00%,91,134,0,0,0.00%
44,Filip Hronek,DET,1,22,D,65,9,22,31,46,-38,23:53,18:07,2:52,2:53,8,1,0,0,0,13,9,0,1,0,21,10,0,1,0,32.30%,0.348,0.85,1.198,0.408,0.662,1.07,0.321,2.886,3.207,0.138,0.338,0.477,125,7.20%,105,74,0,0,0.00%
45,Damon Severson,NJD,4.167,25,D,69,8,23,31,52,-20,22:57,18:31,1:59,2:27,5,3,0,2,0,16,7,0,4,0,21,10,0,6,0,32.30%,0.303,0.871,1.174,0.235,0.751,0.986,1.31,3.058,4.368,0.116,0.333,0.449,114,7.00%,81,97,0,0,0.00%
46,Nate Schmidt,VAN,5.95,28,D,59,7,24,31,12,11,21:40,19:02,1:02,1:35,6,1,0,0,0,18,6,0,4,1,24,7,0,4,1,22.60%,0.328,1.126,1.454,0.32,0.961,1.282,0.972,5.835,6.807,0.119,0.407,0.525,112,6.30%,25,91,0,0,0.00%
47,Mark Giordano,CGY,6.75,36,D,60,5,26,31,34,2,23:53,18:29,2:40,2:43,3,2,0,0,0,15,9,2,4,1,18,11,2,4,1,35.50%,0.209,1.088,1.298,0.162,0.811,0.974,0.749,3.368,4.117,0.083,0.433,0.517,157,3.20%,42,148,0,0,0.00%
48,Josh Morrissey,WPG,6.25,24,D,65,5,26,31,24,1,22:45,20:03,1:44,0:57,4,1,0,0,0,15,11,0,4,2,19,12,0,4,2,38.70%,0.203,1.054,1.257,0.184,0.69,0.874,0.529,5.815,6.344,0.077,0.4,0.477,120,4.20%,34,59,0,0,0.00%
49,Oliver Ekman-Larsson,ARI,8.25,28,D,66,9,21,30,38,-3,23:00,18:16,2:40,2:04,6,2,1,1,0,16,5,0,2,0,22,7,1,3,0,23.30%,0.356,0.83,1.185,0.299,0.796,1.095,0.681,1.702,2.383,0.136,0.318,0.455,135,6.70%,129,65,0,0,0.00%
50,Seth Jones,CBJ,5.4,25,D,56,6,24,30,20,10,25:16:00,20:17,2:34,2:25,4,2,0,0,0,16,7,1,8,4,20,9,1,8,4,30.00%,0.254,1.017,1.271,0.211,0.845,1.056,0.833,2.914,3.747,0.107,0.429,0.536,126,4.80%,62,123,0,0,0.00%
51,Cam Fowler,ANA,6.5,28,D,59,9,20,29,20,0,21:58,18:44,2:33,0:40,7,2,0,2,0,14,6,0,4,0,21,8,0,6,0,27.60%,0.416,0.925,1.342,0.38,0.76,1.14,0.794,2.381,3.175,0.153,0.339,0.492,117,7.70%,25,58,0,0,0.00%
52,Erik Gustafsson,CGY,3,27,D,66,6,23,29,27,-9,20:22,17:30,2:41,0:10,4,2,0,0,0,16,7,0,2,0,20,9,0,2,0,31.00%,0.268,1.026,1.294,0.208,0.831,1.038,0.675,2.362,3.037,0.091,0.348,0.439,103,5.80%,86,58,0,0,0.00%
53,Colton Parayko,STL,5.5,26,D,64,10,18,28,16,8,23:00,20:16,0:46,1:56,7,3,0,1,1,15,2,1,3,0,22,5,1,4,1,17.90%,0.408,0.734,1.141,0.324,0.693,1.017,3.635,2.423,6.059,0.156,0.281,0.438,162,6.20%,87,106,0,0,0.00%
54,Devon Toews,COL,4.1,25,D,68,6,22,28,16,1,20:30,18:10,2:14,0:05,5,1,0,1,1,17,5,0,5,1,22,6,0,6,2,21.40%,0.258,0.947,1.205,0.243,0.825,1.068,0.394,1.97,2.364,0.088,0.324,0.412,122,4.90%,55,75,0,0,0.00%
55,Jonas Brodin,MIN,6,26,D,69,2,26,28,24,15,21:33,19:05,0:24,2:02,2,0,0,0,0,23,1,2,5,0,25,1,2,5,0,3.60%,0.081,1.049,1.13,0.091,1.047,1.138,0,2.133,2.133,0.029,0.377,0.406,103,1.90%,41,112,0,0,0.00%
56,Jacob Trouba,NYR,8,25,D,70,7,20,27,61,-12,22:33,18:16,1:47,2:30,3,4,0,1,0,14,4,2,2,0,17,8,2,3,0,29.60%,0.266,0.76,1.026,0.141,0.657,0.797,1.92,1.92,3.839,0.1,0.286,0.386,168,4.20%,173,128,0,0,0.00%
57,Dmitry Orlov,WSH,5.1,28,D,69,4,23,27,36,5,22:10,19:52,1:24,0:53,3,1,0,2,1,18,4,1,2,1,21,5,1,4,2,18.50%,0.157,0.902,1.059,0.131,0.788,0.919,0.617,2.467,3.083,0.058,0.333,0.391,105,3.80%,106,82,0,0,0.00%
58,Morgan Rielly,TOR,5,25,D,47,3,24,27,24,6,24:12:00,19:52,2:20,1:59,3,0,0,2,1,17,7,0,2,0,20,7,0,4,1,25.90%,0.158,1.266,1.424,0.193,1.092,1.284,0,3.819,3.819,0.064,0.511,0.574,123,2.40%,38,67,0,1,0.00%
59,Duncan Keith,CHI,5.538,36,D,61,3,24,27,18,1,24:23:00,19:22,2:16,2:44,1,2,0,0,0,15,9,0,5,2,16,11,0,5,2,40.70%,0.121,0.968,1.089,0.051,0.762,0.813,0.862,3.88,4.742,0.049,0.393,0.443,111,2.70%,26,117,0,0,0.00%
60,Jakob Chychrun,ARI,4.6,21,D,63,12,14,26,38,4,22:26,18:44,2:11,1:30,7,5,0,2,0,11,3,0,5,0,18,8,0,7,0,30.80%,0.509,0.594,1.104,0.356,0.559,0.915,2.168,1.301,3.469,0.19,0.222,0.413,149,8.10%,75,95,0,0,0.00%
61,Ryan Graves,COL,3.16,24,D,69,9,17,26,45,40,18:56,16:05,0:03,2:47,9,0,0,0,0,15,0,2,3,0,24,0,2,3,0,0.00%,0.413,0.78,1.194,0.487,0.811,1.298,0,0,0,0.13,0.246,0.377,134,6.70%,112,150,0,0,0.00%
62,John Marino,PIT,1,22,D,56,6,20,26,20,17,20:14,17:27,0:45,2:02,5,1,0,0,0,17,3,0,3,2,22,4,0,3,2,15.40%,0.318,1.059,1.376,0.307,1.044,1.351,1.426,4.277,5.703,0.107,0.357,0.464,61,9.80%,72,77,0,0,0.00%
63,Ian Cole,COL,4.25,30,D,65,4,22,26,36,21,17:41,15:17,0:01,2:23,4,0,0,1,0,22,0,0,6,0,26,0,0,7,0,0.00%,0.209,1.147,1.356,0.242,1.329,1.57,0,0,0,0.062,0.338,0.4,92,4.40%,83,122,0,0,0.00%
64,Travis Sanheim,PHI,3.25,23,D,69,8,17,25,32,4,20:09,17:26,0:54,1:48,8,0,0,0,0,13,4,0,4,0,21,4,0,4,0,16.00%,0.345,0.733,1.079,0.399,0.648,1.047,0,3.837,3.837,0.116,0.246,0.362,110,7.30%,41,79,0,0,0.00%
65,Brady Skjei,CAR,5.25,25,D,67,8,16,24,45,-10,20:41,18:01,0:07,2:33,8,0,0,1,0,14,0,2,3,0,22,0,2,4,0,0.00%,0.346,0.692,1.039,0.398,0.696,1.093,0,0,0,0.119,0.239,0.358,139,5.80%,103,96,0,0,0.00%
66,Mathew Dumba,MIN,6,25,D,69,6,18,24,41,-7,22:29,18:43,2:39,1:06,5,1,0,1,1,10,7,1,1,0,15,8,1,2,1,33.30%,0.232,0.696,0.928,0.232,0.464,0.696,0.326,2.284,2.611,0.087,0.261,0.348,167,3.60%,98,88,0,0,0.00%
67,Sean Walker,LAK,2.65,25,D,70,5,19,24,26,-12,18:49,16:47,0:49,1:13,5,0,0,0,0,14,5,0,2,1,19,5,0,2,1,20.80%,0.228,0.865,1.093,0.255,0.715,0.97,0,5.236,5.236,0.071,0.271,0.343,127,3.90%,81,84,0,0,0.00%
68,Jake Gardiner,CAR,4.05,29,D,68,4,20,24,30,-24,16:39,14:49,1:47,0:02,3,1,0,2,1,10,10,0,1,0,13,11,0,3,1,45.80%,0.212,1.059,1.271,0.179,0.595,0.774,0.493,4.926,5.419,0.059,0.294,0.353,87,4.60%,43,42,0,0,0.00%
69,Vince Dunn,STL,1,23,D,71,9,14,23,27,15,16:16,14:42,1:29,0:03,5,4,0,1,0,8,6,0,2,1,13,10,0,3,1,43.50%,0.467,0.727,1.195,0.287,0.459,0.747,2.256,3.384,5.64,0.127,0.197,0.324,138,6.50%,50,47,0,0,0.00%
70,Jake Muzzin,TOR,5.625,30,D,53,6,17,23,40,12,21:35,18:48,0:16,2:31,6,0,0,1,0,16,0,1,2,0,22,0,1,3,0,0.00%,0.315,0.891,1.206,0.361,0.963,1.324,0,0,0,0.113,0.321,0.434,99,6.10%,109,110,0,0,0.00%
